region,anio,periodo,fuerza_trabajo,fuerza_trabajo_potencial,pct_poblacion_edad_trabajar,poblacion_desocupada,poblacion_edad_trabajar,poblacion_fuera_fuerza_trabajo,poblacion_ocupada,poblacion_subocupada,poblacion_total,td,tgp,to,ts,sidx,informalidad_laboral_nacional,informalidad_empresarial_nacional,informalidad_micronegocios_nacional,td_dispersion_regional,td_dispersion_regional_obs,informalidad_laboral_regional_real,informalidad_empresarial_nacional_obs,informalidad_laboral_nacional_obs,informalidad_micronegocios_nacional_obs,informalidad_laboral_regional_real_obs,td_lag1,td_lag2,td_roll4,to_lag1,to_lag2,to_roll4,tgp_lag1,tgp_lag2,tgp_roll4,ts_lag1,ts_lag2,ts_roll4,informalidad_laboral_lag1,informalidad_empresarial_lag1,informalidad_micronegocios_lag1,informalidad_laboral_regional_real_lag1,td_dispersion_regional_lag1,td_target,periodo_II,year_trend,region_Caribe,region_Central,region_Oriental,region_Orinoquía/Amazonía/Insular,region_Pacífica
Caribe,2010,I,4137.11414,0.0,68.92919,451.499335,6576.146667,2439.032526,3685.614805,426.360489,9540.438,10.913388,62.910917,56.045204,10.305746,4020,59.80175198632354,86.35000000000001,88.47055828777552,2.042161626584776,1,87.43423241742597,0,0,0,0,,,,,,,,,,,,,,,,,,9.916165,0,0,1,0,0,0,0
Caribe,2010,II,4264.161758,0.0,69.095303,422.841316,6634.695333,2370.533576,3841.320442,481.039134,9602.237833,9.916165,64.270649,57.897466,11.280978,4021,59.80175198632354,86.35000000000001,88.47055828777552,2.042161626584776,1,87.43423241742597,0,0,0,0,10.913388,,,56.045204,,,62.910917,,,10.305746,,,59.80175198632354,86.35000000000001,88.47055828777552,87.43423241742597,2.042161626584776,10.519253,1,0,1,0,0,0,0
Caribe,2011,I,4287.357155,0.0,69.262557,450.997954,6693.212,2405.854845,3836.359201,463.504755,9663.535833,10.519253,64.055302,57.317163,10.810967,4022,59.80175198632354,86.35000000000001,88.47055828777552,1.7561295163962187,1,87.43423241742597,0,0,0,0,9.916165,10.913388,10.414776499999999,57.897466,56.045204,56.971334999999996,64.270649,62.910917,63.590783,11.280978,10.305746,10.793361999999998,59.80175198632354,86.35000000000001,88.47055828777552,87.43423241742597,2.042161626584776,8.743085,0,1,1,0,0,0,0
Caribe,2011,II,4390.948178,0.0,69.430723,383.904334,6751.2055,2360.257322,4007.043844,478.440131,9723.657167,8.743085,65.039469,59.353012,10.896055,4023,59.80175198632354,86.35000000000001,88.47055828777552,1.7561295163962187,1,87.43423241742597,0,0,0,0,10.519253,9.916165,10.449602,57.317163,57.897466,57.086611000000005,64.055302,64.270649,63.74562266666667,10.810967,11.280978,10.799230333333332,59.80175198632354,86.35000000000001,88.47055828777552,87.43423241742597,1.7561295163962187,9.557138,1,1,1,0,0,0,0
Caribe,2012,I,4580.303427,0.0,69.602883,437.745923,6809.6485,2229.345073,4142.557505,553.884706,9783.5725,9.557138,67.261966,60.833647,12.092751,4024,59.80175198632354,86.35000000000001,88.47055828777552,1.4538071370159245,1,87.43423241742597,0,0,0,0,8.743085,10.519253,10.022972750000001,59.353012,57.317163,57.65321125,65.039469,64.055302,64.06908425,10.896055,10.810967,10.8234365,59.80175198632354,86.35000000000001,88.47055828777552,87.43423241742597,1.7561295163962187,8.401809,0,2,1,0,0,0,0
Caribe,2012,II,4519.903895,0.0,69.778173,379.753673,6868.214,2348.310105,4140.150222,446.152463,9842.926167,8.401809,65.809014,60.279866,9.87084,4025,59.80175198632354,86.35000000000001,88.47055828777552,1.4538071370159245,1,87.43423241742597,0,0,0,0,9.557138,8.743085,9.68391025,60.833647,59.353012,58.850322,67.261966,65.039469,65.1568465,12.092751,10.896055,11.27018775,59.80175198632354,86.35000000000001,88.47055828777552,87.43423241742597,1.4538071370159245,8.735772,1,2,1,0,0,0,0
Caribe,2013,I,4484.536079,0.0,69.957617,391.758829,6927.398667,2442.862588,4092.77725,417.98663,9902.279333,8.735772,64.736221,59.081012,9.320621,4026,59.80175198632354,86.35000000000001,88.47055828777552,0.9403461272525566,1,87.43423241742597,0,0,0,0,8.401809,9.557138,9.30532125,60.279866,60.833647,59.445922,65.809014,67.261966,65.54143775,9.87084,12.092751,10.91765325,59.80175198632354,86.35000000000001,88.47055828777552,87.43423241742597,1.4538071370159245,7.101759,0,3,1,0,0,0,0
Caribe,2013,II,4603.687543,0.0,70.138739,326.942813,6986.490667,2382.803124,4276.74473,380.960805,9960.9585,7.101759,65.894134,61.214491,8.275123,4027,59.80175198632354,86.35000000000001,88.47055828777552,0.9403461272525566,1,87.43423241742597,0,0,0,0,8.735772,8.401809,8.859451,59.081012,60.279866,59.886884249999994,64.736221,65.809014,65.7116675,9.320621,9.87084,10.545066749999998,59.80175198632354,86.35000000000001,88.47055828777552,87.43423241742597,0.9403461272525566,7.531736,1,3,1,0,0,0,0
Caribe,2014,I,4548.845457,0.0,70.32401,342.607041,7046.171333,2497.325876,4206.238416,403.060199,10019.581333,7.531736,64.55769,59.695375,8.860714,4028,59.80175198632354,86.35000000000001,88.47055828777552,1.4094730900946533,1,87.43423241742597,0,0,0,0,7.101759,8.735772,8.4491195,61.214491,59.081012,60.352254,65.894134,64.736221,65.92533375000001,8.275123,9.320621,9.88983375,59.80175198632354,86.35000000000001,88.47055828777552,87.43423241742597,0.9403461272525566,7.168015,0,4,1,0,0,0,0
Caribe,2014,II,4719.593406,0.0,70.510456,338.301172,7105.465333,2385.871927,4381.292234,415.673089,10077.179667,7.168015,66.422017,61.660877,8.807392,4029,59.80175198632354,86.35000000000001,88.47055828777552,1.4094730900946533,1,87.43423241742597,0,0,0,0,7.531736,7.101759,7.942769,59.695375,61.214491,60.067685999999995,64.55769,65.894134,65.24926475,8.860714,8.275123,9.0818245,59.80175198632354,86.35000000000001,88.47055828777552,87.43423241742597,1.4094730900946533,7.499588,1,4,1,0,0,0,0
Caribe,2015,I,4742.762764,0.0,70.701172,355.687687,7166.895667,2424.132903,4387.075077,472.560598,10136.883833,7.499588,66.175971,61.213045,9.963825,4030,59.80175198632354,86.35000000000001,88.47055828777552,1.147389314862017,1,87.43423241742597,0,0,0,0,7.168015,7.531736,7.634320499999999,61.660877,59.695375,60.412938749999995,66.422017,64.55769,65.40251549999999,8.807392,8.860714,8.8159625,59.80175198632354,86.35000000000001,88.47055828777552,87.43423241742597,1.4094730900946533,7.310088,0,5,1,0,0,0,0
Caribe,2015,II,4867.108407,0.0,70.891,355.789891,7231.4855,2364.377093,4511.318517,484.131643,10200.851333,7.310088,67.304407,62.384396,9.947008,4031,59.80175198632354,86.35000000000001,88.47055828777552,1.147389314862017,1,87.43423241742597,0,0,0,0,7.499588,7.168015,7.325274500000001,61.213045,61.660877,60.945947000000004,66.175971,66.422017,65.762453,9.963825,8.807392,8.9767635,59.80175198632354,86.35000000000001,88.47055828777552,87.43423241742597,1.147389314862017,8.874703,1,5,1,0,0,0,0
Caribe,2016,I,4837.298453,0.0,71.082964,429.295878,7301.412333,2464.113881,4408.002575,494.113304,10271.676833,8.874703,66.251545,60.371917,10.214654,4032,59.80175198632354,86.35000000000001,88.47055828777552,1.666778900807937,1,87.43423241742597,0,0,0,0,7.310088,7.499588,7.377356750000001,62.384396,61.213045,61.23842325,67.304407,66.175971,66.11502125,9.947008,9.963825,9.394734750000001,59.80175198632354,86.35000000000001,88.47055828777552,87.43423241742597,1.147389314862017,8.02951,0,6,1,0,0,0,0
Caribe,2016,II,4920.846742,0.0,71.269657,395.119883,7373.853167,2453.006425,4525.726859,487.773019,10346.413167,8.02951,66.733723,61.375332,9.91238,4033,59.80175198632354,86.35000000000001,88.47055828777552,1.666778900807937,1,87.43423241742597,0,0,0,0,8.874703,7.310088,7.7130985,60.371917,62.384396,61.40755875,66.251545,67.304407,66.538485,10.214654,9.947008,9.73321975,59.80175198632354,86.35000000000001,88.47055828777552,87.43423241742597,1.666778900807937,8.18108,1,6,1,0,0,0,0
Caribe,2017,I,4966.021889,0.0,71.453412,406.274222,7451.756333,2485.734445,4559.747667,506.970676,10428.832,8.18108,66.642301,61.190241,10.208789,4034,59.80175198632354,86.35000000000001,88.47055828777552,2.016847939188702,1,87.43423241742597,0,0,0,0,8.02951,8.874703,7.92847225,61.375332,60.371917,61.336172499999996,66.733723,66.251545,66.6164115,9.91238,10.214654,10.00946675,59.80175198632354,86.35000000000001,88.47055828777552,87.43423241742597,1.666778900807937,7.436418,0,7,1,0,0,0,0
Caribe,2017,II,5079.787343,0.0,71.629681,377.754225,7538.894667,2459.107324,4702.033118,502.432675,10524.8195,7.436418,67.381063,62.370325,9.890821,4035,59.80175198632354,86.35000000000001,88.47055828777552,2.016847939188702,1,87.43423241742597,0,0,0,0,8.18108,8.02951,8.09884525,61.190241,61.375332,61.3304715,66.642301,66.733723,66.732994,10.208789,9.91238,10.07070775,59.80175198632354,86.35000000000001,88.47055828777552,87.43423241742597,2.016847939188702,7.172073,1,7,1,0,0,0,0
Caribe,2018,I,5016.317081,0.0,71.800535,359.773947,7644.023,2627.705919,4656.543134,534.168638,10646.192333,7.172073,65.624045,60.91744,10.648622,4036,59.80175198632354,86.35000000000001,88.47055828777552,2.572038389060705,1,87.43423241742597,0,0,0,0,7.436418,8.18108,8.130427749999999,62.370325,61.190241,61.32695375,67.381063,66.642301,66.752158,9.890821,10.208789,10.056661,59.80175198632354,86.35000000000001,88.47055828777552,87.43423241742597,2.016847939188702,7.283075,0,8,1,0,0,0,0
Caribe,2018,II,5247.748919,0.0,71.967278,382.197471,7775.406,2527.657081,4865.551448,560.630577,10804.085167,7.283075,67.491639,62.576172,10.683258,4037,59.80175198632354,86.35000000000001,88.47055828777552,2.572038389060705,1,87.43423241742597,0,0,0,0,7.172073,7.436418,7.70477025,60.91744,62.370325,61.4633345,65.624045,67.381063,66.595283,10.648622,9.890821,10.165153,59.80175198632354,86.35000000000001,88.47055828777552,87.43423241742597,2.572038389060705,8.215912,1,8,1,0,0,0,0
Caribe,2019,I,5283.587801,0.0,72.130355,434.094927,7924.301,2640.713199,4849.492875,626.024778,10986.0835,8.215912,66.675759,61.197737,11.848479,4038,59.80175198632354,86.35000000000001,88.47055828777552,3.193139830118839,1,87.43423241742597,1,0,0,0,7.283075,7.172073,7.518161500000001,62.576172,60.91744,61.7635445,67.491639,65.624045,66.784762,10.683258,10.648622,10.357872500000001,59.80175198632354,86.35000000000001,88.47055828777552,87.43423241742597,2.572038389060705,8.36505,0,9,1,0,0,0,0
Caribe,2019,II,5339.05189,0.0,72.287411,446.614371,8063.825167,2724.773276,4892.437519,629.737796,11155.2275,8.36505,66.209916,60.671424,11.794937,4039,59.80175198632354,86.35000000000001,88.47055828777552,3.193139830118839,1,87.43423241742597,1,0,0,0,8.215912,7.283075,7.5268695,61.197737,62.576172,61.765418499999996,66.675759,67.491639,66.7931265,11.848479,10.683258,10.767795,59.80175198632354,86.35000000000001,88.47055828777552,87.43423241742597,3.193139830118839,11.987131,1,9,1,0,0,0,0
Caribe,2020,I,4957.468688,0.0,72.441588,594.258248,8186.938,3229.469312,4363.21044,0.0,11301.433667,11.987131,60.553392,53.294778,0.0,4040,59.80175198632354,86.83333333333333,88.47055828777552,2.553490348549991,1,87.43423241742597,1,0,0,0,8.36505,8.215912,7.7590275,60.671424,61.197737,61.34069325,66.209916,66.675759,66.50033975,11.794937,11.848479,11.243823999999998,59.80175198632354,86.35000000000001,88.47055828777552,87.43423241742597,3.193139830118839,11.894941,0,10,1,0,0,0,0
Caribe,2020,II,5094.733918,0.0,72.593745,606.015602,8288.540333,3193.806415,4488.718316,0.0,11417.706,11.894941,61.467203,54.155715,0.0,4041,59.80175198632354,86.83333333333333,88.47055828777552,2.553490348549991,1,87.43423241742597,1,0,0,0,11.987131,8.36505,8.962792,53.294778,60.671424,59.43502775,60.553392,66.209916,65.2326765,0.0,11.794937,8.5816685,59.80175198632354,86.83333333333333,88.47055828777552,87.43423241742597,2.553490348549991,11.838445,1,10,1,0,0,0,0
Caribe,2021,I,5282.344715,344.457024,72.747903,625.34749,8372.7655,3090.420785,4656.997225,583.657185,11509.287833,11.838445,63.089605,55.620777,11.049207,4042,59.80175198632354,87.0,88.47055828777552,3.4524486492907585,1,87.43423241742597,1,1,0,0,11.894941,11.987131,10.1157585,54.155715,53.294778,57.3299135,61.467203,60.553392,63.7265675,0.0,0.0,5.910853999999999,59.80175198632354,86.83333333333333,88.47055828777552,87.43423241742597,2.553490348549991,10.800673,0,11,1,0,0,0,0
Caribe,2021,II,5261.495252,350.416317,72.901339,568.276921,8445.805667,3184.310415,4693.218331,596.166565,11585.2545,10.800673,62.297138,55.568628,11.330744,4043,58.91424850798273,87.0,88.47055828777552,3.4524486492907585,1,87.43423241742597,1,1,0,0,11.838445,11.894941,11.021391750000001,55.620777,54.155715,55.9356735,63.089605,61.467203,62.830029,11.049207,0.0,5.711036,59.80175198632354,87.0,88.47055828777552,87.43423241742597,3.4524486492907585,11.764141,1,11,1,0,0,0,0
Caribe,2022,I,5330.02295,448.45899,73.053609,627.03141,8509.349,3179.32605,4702.99154,635.275547,11648.0885,11.764141,62.637259,55.268523,11.918814,4044,58.19432163882343,86.39999999999999,88.47055828777552,2.2767265823249048,1,87.43423241742597,1,1,0,1,10.800673,11.838445,11.6302975,55.568628,55.620777,54.659974500000004,62.297138,63.089605,61.851834499999995,11.330744,11.049207,5.59498775,58.91424850798273,87.0,88.47055828777552,87.43423241742597,3.4524486492907585,10.944072,0,12,1,0,0,0,0
Caribe,2022,II,5449.046805,470.529501,73.195754,596.347632,8568.7745,3119.727695,4852.699173,632.38783,11706.655167,10.944072,63.591903,56.632359,11.605476,4045,57.83291770794249,86.39999999999999,88.47055828777552,2.2767265823249048,1,87.89861964707158,1,1,0,1,11.764141,10.800673,11.57455,55.268523,55.568628,55.15341075,62.637259,62.297138,62.372801249999995,11.918814,11.330744,8.574691249999999,58.19432163882343,86.39999999999999,88.47055828777552,87.43423241742597,2.2767265823249048,11.058541,1,12,1,0,0,0,0
Caribe,2023,I,5463.479948,461.789086,73.345564,604.181171,8630.622833,3167.142885,4859.298777,601.210278,11767.068667,11.058541,63.303426,56.302991,11.004164,4046,56.95815823332256,87.21666666666665,88.47055828777552,2.16355912523793,1,86.84867339812763,1,1,0,1,10.944072,11.764141,11.33683275,56.632359,55.268523,55.77257175,63.591903,62.637259,62.90397625,11.605476,11.918814,11.47606025,57.83291770794249,86.39999999999999,88.47055828777552,87.89861964707158,2.2767265823249048,9.43831,0,13,1,0,0,0,0
Caribe,2023,II,5417.212263,498.604323,73.534376,511.293264,8696.091833,3278.879571,4905.918999,569.228789,11825.8865,9.43831,62.294791,56.415216,10.507781,4047,55.73995757060892,87.21666666666665,88.47055828777552,2.16355912523793,1,86.47026907624269,1,1,0,1,11.058541,10.944072,11.141856749999999,56.302991,56.632359,55.94312525,63.303426,63.591903,62.9574315,11.004164,11.605476,11.4647995,56.95815823332256,87.21666666666665,88.47055828777552,86.84867339812763,2.16355912523793,11.236105,1,13,1,0,0,0,0
Caribe,2024,I,5295.638945,420.569951,73.75734,595.02353,8765.278167,3469.639222,4700.615415,508.987626,11883.940167,11.236105,60.416097,53.627681,9.611449,4048,56.05255433416973,86.95833333333333,88.47055828777552,0.886736396251542,1,86.09170034713124,1,1,1,1,9.43831,11.058541,10.801266,56.415216,56.302991,56.15477224999999,62.294791,63.303426,62.956844749999995,10.507781,11.004164,11.25905875,55.73995757060892,87.21666666666665,88.47055828777552,86.47026907624269,2.16355912523793,9.625211,0,14,1,0,0,0,0
Caribe,2024,II,5434.653568,417.796147,73.966068,523.096893,8831.939667,3397.286098,4911.556675,511.312866,11940.528833,9.625211,61.534088,55.611302,9.40838,4049,55.754455257184894,86.95833333333333,88.47055828777552,0.886736396251542,1,86.14452629580785,1,1,1,1,11.236105,9.43831,10.669257,53.627681,56.415216,55.74456175,60.416097,62.294791,62.40155425,9.611449,10.507781,10.6822175,56.05255433416973,86.95833333333333,88.47055828777552,86.09170034713124,0.886736396251542,10.48922,1,14,1,0,0,0,0
Caribe,2025,I,5478.427554,436.947472,74.151351,574.644341,8896.280667,3417.853113,4903.783213,516.744323,11997.462667,10.48922,61.581101,55.121723,9.432347,4050,56.12201016666666,86.95833333333333,88.47055828777552,1.206983844560968,1,85.98787255293905,0,1,0,1,9.625211,11.236105,10.33954175,55.611302,53.627681,55.4892975,61.534088,60.416097,61.8871005,9.40838,9.611449,10.1329435,55.754455257184894,86.95833333333333,88.47055828777552,86.14452629580785,0.886736396251542,9.174676,0,15,1,0,0,0,0
Caribe,2025,II,5552.691295,435.924325,74.334646,509.441457,8959.7775,3407.086205,5043.249838,496.093153,12053.2995,9.174676,61.97354,56.287668,8.934283,4051,55.3332054,86.95833333333333,88.47055828777552,1.206983844560968,1,86.20495029898986,0,1,0,1,10.48922,9.625211,10.1972115,55.121723,55.611302,55.1939805,61.581101,61.534088,61.45651925,9.432347,9.40838,9.73998925,56.12201016666666,86.95833333333333,88.47055828777552,85.98787255293905,1.206983844560968,,1,15,1,0,0,0,0
Central,2010,I,5274.714014,0.0,73.894378,760.907296,8044.8925,2770.178486,4513.806718,673.402383,10887.015667,14.425565,65.565997,56.107732,12.766614,4020,59.80175198632354,86.35000000000001,88.47055828777552,3.104684657882396,1,76.98113867414318,0,0,0,0,,,,,,,,,,,,,,,,,,12.595843,0,0,0,1,0,0,0
Central,2010,II,5328.662561,0.0,74.179331,671.189985,8109.595667,2780.933105,4657.472576,648.352952,10932.4195,12.595843,65.708116,57.431625,12.167274,4021,59.80175198632354,86.35000000000001,88.47055828777552,3.104684657882396,1,76.98113867414318,0,0,0,0,14.425565,,,56.107732,,,65.565997,,,12.766614,,,59.80175198632354,86.35000000000001,88.47055828777552,76.98113867414318,3.104684657882396,13.483289,1,0,0,1,0,0,0
Central,2011,I,5311.906208,0.0,74.462283,716.219666,8174.418,2862.511792,4595.686542,627.18497,10977.931,13.483289,64.982072,56.220352,11.807154,4022,59.80175198632354,86.35000000000001,88.47055828777552,3.527449125464865,1,76.98113867414318,0,0,0,0,12.595843,14.425565,13.510704,57.431625,56.107732,56.7696785,65.708116,65.565997,65.6370565,12.167274,12.766614,12.466944000000002,59.80175198632354,86.35000000000001,88.47055828777552,76.98113867414318,3.104684657882396,11.593043,0,1,0,1,0,0,0
Central,2011,II,5436.335392,0.0,74.73882,630.236682,8237.960833,2801.625441,4806.09871,614.754783,11022.332,11.593043,65.991275,58.340878,11.308257,4023,59.80175198632354,86.35000000000001,88.47055828777552,3.527449125464865,1,76.98113867414318,0,0,0,0,13.483289,12.595843,13.501565666666666,56.220352,57.431625,56.58656966666666,64.982072,65.708116,65.41872833333333,11.807154,12.167274,12.247014,59.80175198632354,86.35000000000001,88.47055828777552,76.98113867414318,3.527449125464865,12.414836,1,1,0,1,0,0,0
Central,2012,I,5501.330827,0.0,75.011815,682.981208,8300.842333,2799.511506,4818.349619,632.247775,11066.0465,12.414836,66.274368,58.046514,11.492633,4024,59.80175198632354,86.35000000000001,88.47055828777552,2.2396703792448047,1,76.98113867414318,0,0,0,0,11.593043,13.483289,13.024435,58.340878,56.220352,57.02514675,65.991275,64.982072,65.561865,11.308257,11.807154,12.012324750000001,59.80175198632354,86.35000000000001,88.47055828777552,76.98113867414318,3.527449125464865,11.100412,0,2,0,1,0,0,0
Central,2012,II,5477.926749,0.0,75.27739,608.072413,8362.349167,2884.422418,4869.854336,643.046859,11108.713,11.100412,65.507032,58.235482,11.738873,4025,59.80175198632354,86.35000000000001,88.47055828777552,2.2396703792448047,1,76.98113867414318,0,0,0,0,12.414836,11.593043,12.521752750000001,58.046514,58.340878,57.50984225,66.274368,65.991275,65.73895775,11.492633,11.308257,11.6938295,59.80175198632354,86.35000000000001,88.47055828777552,76.98113867414318,2.2396703792448047,11.797809,1,2,0,1,0,0,0
Central,2013,I,5455.975773,0.0,75.537657,643.685577,8423.1925,2967.216727,4812.290196,604.052981,11150.984667,11.797809,64.773253,57.131428,11.071401,4026,59.80175198632354,86.35000000000001,88.47055828777552,2.5056062104600927,1,76.98113867414318,0,0,0,0,11.100412,12.414836,12.147895,58.235482,58.046514,57.7108065,65.507032,66.274368,65.68868675,11.738873,11.492633,11.58672925,59.80175198632354,86.35000000000001,88.47055828777552,76.98113867414318,2.2396703792448047,9.548844,0,3,0,1,0,0,0
Central,2013,II,5529.821553,0.0,75.789084,528.03403,8483.361833,2953.54028,5001.787524,572.800344,11193.382167,9.548844,65.184318,58.959969,10.358387,4027,59.80175198632354,86.35000000000001,88.47055828777552,2.5056062104600927,1,76.98113867414318,0,0,0,0,11.797809,11.100412,11.726525,57.131428,58.235482,57.9385755,64.773253,65.507032,65.636482,11.071401,11.738873,11.402791,59.80175198632354,86.35000000000001,88.47055828777552,76.98113867414318,2.5056062104600927,10.787754,1,3,0,1,0,0,0
Central,2014,I,5527.199538,0.0,76.036123,596.260679,8543.982,3016.782462,4930.938859,515.591672,11236.740667,10.787754,64.691142,57.712421,9.328262,4028,59.80175198632354,86.35000000000001,88.47055828777552,2.0546182332227816,1,76.98113867414318,0,0,0,0,9.548844,11.797809,11.21547525,58.959969,57.131428,58.09334825,65.184318,64.773253,65.43474275,10.358387,11.071401,11.165323500000001,59.80175198632354,86.35000000000001,88.47055828777552,76.98113867414318,2.5056062104600927,9.624044,0,4,0,1,0,0,0
Central,2014,II,5518.575774,0.0,76.272472,531.110149,8603.983167,3085.407393,4987.465625,521.557523,11280.587833,9.624044,64.139779,57.966938,9.450944,4029,59.80175198632354,86.35000000000001,88.47055828777552,2.0546182332227816,1,76.98113867414318,0,0,0,0,10.787754,9.548844,10.80870475,57.712421,58.959969,58.009825,64.691142,65.184318,65.03893625,9.328262,10.358387,10.624230749999999,59.80175198632354,86.35000000000001,88.47055828777552,76.98113867414318,2.0546182332227816,10.805853,1,4,0,1,0,0,0
Central,2015,I,5492.77289,0.0,76.504275,593.540972,8665.3925,3172.61961,4899.231918,512.29754,11326.6775,10.805853,63.387468,56.537911,9.326756,4030,59.80175198632354,86.35000000000001,88.47055828777552,1.816804586542557,1,76.98113867414318,0,0,0,0,9.624044,10.787754,10.43961275,57.966938,57.712421,57.942689,64.139779,64.691142,64.697123,9.450944,9.328262,10.052248500000001,59.80175198632354,86.35000000000001,88.47055828777552,76.98113867414318,2.0546182332227816,9.64253,0,5,0,1,0,0,0
Central,2015,II,5583.85185,0.0,76.722004,538.424613,8727.397333,3143.545483,5045.427237,487.987043,11375.351167,9.64253,63.980722,57.811362,8.739255,4031,59.80175198632354,86.35000000000001,88.47055828777552,1.816804586542557,1,76.98113867414318,0,0,0,0,10.805853,9.624044,10.19162375,56.537911,57.966938,57.794309750000004,63.387468,64.139779,64.35067675,9.326756,9.450944,9.61608725,59.80175198632354,86.35000000000001,88.47055828777552,76.98113867414318,1.816804586542557,10.883367,1,5,0,1,0,0,0
Central,2016,I,5571.002512,0.0,76.933651,606.312671,8791.911,3220.908488,4964.689841,537.11208,11427.913333,10.883367,63.365092,56.468836,9.641211,4032,59.80175198632354,86.35000000000001,88.47055828777552,2.0363278424032822,1,76.98113867414318,0,0,0,0,9.64253,10.805853,10.21504525,57.811362,56.537911,57.507158000000004,63.980722,63.387468,64.04977775,8.739255,9.326756,9.21130425,59.80175198632354,86.35000000000001,88.47055828777552,76.98113867414318,1.816804586542557,9.971735,0,6,0,1,0,0,0
Central,2016,II,5620.57099,0.0,77.130754,560.46846,8856.475333,3235.904343,5060.10253,492.252549,11482.417667,9.971735,63.462842,57.134496,8.758052,4033,59.80175198632354,86.35000000000001,88.47055828777552,2.0363278424032822,1,76.98113867414318,0,0,0,0,10.883367,9.64253,10.2389485,56.468836,57.811362,57.196261750000005,63.365092,63.980722,63.71826525,9.641211,8.739255,9.2895415,59.80175198632354,86.35000000000001,88.47055828777552,76.98113867414318,2.0363278424032822,10.875166,1,6,0,1,0,0,0
Central,2017,I,5637.896274,0.0,77.318621,613.130592,8923.1295,3285.233226,5024.765683,529.675084,11540.725167,10.875166,63.182948,56.311697,9.394907,4034,59.80175198632354,86.35000000000001,88.47055828777552,1.974214589061412,1,76.98113867414318,0,0,0,0,9.971735,10.883367,10.32587125,57.134496,56.468836,56.98815125,63.462842,63.365092,63.549031,8.758052,9.641211,9.1163185,59.80175198632354,86.35000000000001,88.47055828777552,76.98113867414318,2.0363278424032822,10.029106,0,7,0,1,0,0,0
Central,2017,II,5653.653066,0.0,77.485823,567.010839,8992.166,3338.512934,5086.642227,467.405877,11604.917667,10.029106,62.873095,56.567486,8.267325,4035,59.80175198632354,86.35000000000001,88.47055828777552,1.974214589061412,1,76.98113867414318,0,0,0,0,10.875166,9.971735,10.3431995,56.311697,57.134496,56.93159775,63.182948,63.462842,63.497901,9.394907,8.758052,9.13335625,59.80175198632354,86.35000000000001,88.47055828777552,76.98113867414318,1.974214589061412,12.159651,1,7,0,1,0,0,0
Central,2018,I,5638.57943,0.0,77.639952,685.631593,9068.162167,3429.582737,4952.947837,509.025458,11679.762667,12.159651,62.179958,54.619092,9.027548,4036,59.80175198632354,86.35000000000001,88.47055828777552,2.4481328819261585,1,76.98113867414318,0,0,0,0,10.029106,10.875166,10.4398435,56.567486,56.311697,56.62062875,62.873095,63.182948,63.220994250000004,8.267325,9.394907,9.01537375,59.80175198632354,86.35000000000001,88.47055828777552,76.98113867414318,1.974214589061412,10.718098,0,8,0,1,0,0,0
Central,2018,II,5681.807195,0.0,77.787211,608.981657,9153.6305,3471.823305,5072.825539,487.434003,11767.526333,10.718098,62.071625,55.418727,8.578855,4037,59.80175198632354,86.35000000000001,88.47055828777552,2.4481328819261585,1,76.98113867414318,0,0,0,0,12.159651,10.029106,10.7589145,54.619092,56.567486,56.158192750000005,62.179958,62.873095,62.92471075,9.027548,8.267325,8.861958,59.80175198632354,86.35000000000001,88.47055828777552,76.98113867414318,2.4481328819261585,12.602385,1,8,0,1,0,0,0
Central,2019,I,5636.845925,0.0,77.933948,710.377051,9246.414833,3609.568909,4926.468874,533.433772,11864.425,12.602385,60.962503,53.279773,9.463338,4038,59.80175198632354,86.35000000000001,88.47055828777552,3.1705249024341757,1,76.98113867414318,1,0,0,0,10.718098,12.159651,10.94550525,55.418727,54.619092,55.7292505,62.071625,62.179958,62.5769065,8.578855,9.027548,8.81715875,59.80175198632354,86.35000000000001,88.47055828777552,76.98113867414318,2.4481328819261585,11.872056,0,9,0,1,0,0,0
Central,2019,II,5680.206898,0.0,78.075601,674.357339,9336.0495,3655.842602,5005.849559,525.477017,11957.704333,11.872056,60.841654,53.618498,9.251019,4039,59.80175198632354,86.35000000000001,88.47055828777552,3.1705249024341757,1,76.98113867414318,1,0,0,0,12.602385,10.718098,11.37731,53.279773,55.418727,54.9712695,60.962503,62.071625,62.02179525,9.463338,8.578855,8.8342665,59.80175198632354,86.35000000000001,88.47055828777552,76.98113867414318,3.1705249024341757,19.265419,1,9,0,1,0,0,0
Central,2020,I,5422.426024,0.0,78.216669,1044.653109,9420.762167,3998.336142,4377.772915,0.0,12044.443,19.265419,57.558252,46.469413,,4040,59.80175198632354,86.83333333333333,88.47055828777552,3.265778470099836,1,76.98113867414318,1,0,0,0,11.872056,12.602385,11.8380475,53.618498,53.279773,54.234022499999995,60.841654,60.962503,61.513935000000004,9.251019,9.463338,9.08019,59.80175198632354,86.35000000000001,88.47055828777552,76.98113867414318,3.1705249024341757,17.353492,0,10,0,1,0,0,0
Central,2020,II,5553.369751,0.0,78.357723,963.703584,9498.829167,3945.459416,4589.666167,0.0,12122.3905,17.353492,58.463729,48.31823,,4041,59.80175198632354,86.83333333333333,88.47055828777552,3.265778470099836,1,76.98113867414318,1,0,0,0,19.265419,11.872056,13.6144895,46.469413,53.618498,52.19660275,57.558252,60.841654,60.3585085,,9.251019,9.097737333333335,59.80175198632354,86.83333333333333,88.47055828777552,76.98113867414318,3.265778470099836,15.353383,1,10,0,1,0,0,0
Central,2021,I,5470.49792,329.137018,78.503067,839.906497,9573.657833,4103.159913,4630.591423,304.060557,12195.266,15.353383,57.141147,48.368048,5.558188,4042,59.80175198632354,87.0,88.47055828777552,1.5464596473347672,1,76.98113867414318,1,1,0,0,17.353492,19.265419,15.273337999999999,48.31823,46.469413,50.421478500000006,58.463729,57.558252,59.456534500000004,,,9.3571785,59.80175198632354,86.83333333333333,88.47055828777552,76.98113867414318,3.265778470099836,11.790035,0,11,0,1,0,0,0
Central,2021,II,5590.537576,271.818448,78.642685,659.126315,9647.708333,4057.170757,4931.411261,308.934682,12267.775833,11.790035,57.946793,51.114846,5.526028,4043,58.91424850798273,87.0,88.47055828777552,1.5464596473347672,1,76.98113867414318,1,1,0,0,15.353383,17.353492,15.9610875,48.368048,48.31823,49.19354725,57.141147,58.463729,58.5011955,5.558188,,7.4046035,59.80175198632354,87.0,88.47055828777552,76.98113867414318,1.5464596473347672,11.368779,1,11,0,1,0,0,0
Central,2022,I,5923.150707,382.10954,78.778877,673.389942,9722.431167,3799.28046,5249.760765,357.371069,12341.418833,11.368779,60.922527,53.996379,6.033462,4044,58.19432163882343,86.39999999999999,88.47055828777552,2.3853984175384637,1,76.98113867414318,1,1,0,1,11.790035,15.353383,15.94058225,51.114846,48.368048,48.56763425,57.946793,57.141147,57.777480249999996,5.526028,5.558188,5.542108000000001,58.91424850798273,87.0,88.47055828777552,76.98113867414318,1.5464596473347672,10.090329,0,12,0,1,0,0,0
Central,2022,II,5974.871514,359.689407,78.905158,602.884185,9797.073,3822.201486,5371.987329,352.604359,12416.264333,10.090329,60.986292,54.832574,5.901455,4045,57.83291770794249,86.39999999999999,88.47055828777552,2.3853984175384637,1,77.17463221934159,1,1,0,1,11.368779,11.790035,13.966422249999999,53.996379,51.114846,50.44937575,60.922527,57.946793,58.618549,6.033462,5.526028,5.705892666666667,58.19432163882343,86.39999999999999,88.47055828777552,76.98113867414318,2.3853984175384637,10.133102,1,12,0,1,0,0,0
Central,2023,I,6051.477621,367.056896,79.033195,613.202428,9873.463167,3821.985546,5438.275193,353.711659,12492.805333,10.133102,61.290325,55.079713,5.845046,4046,56.95815823332256,87.21666666666665,88.47055828777552,1.9419072292894952,1,76.55841530556788,1,1,0,1,10.090329,11.368779,12.150631500000001,54.832574,53.996379,52.07796175,60.986292,60.922527,59.24918975,5.901455,6.033462,5.75478325,57.83291770794249,86.39999999999999,88.47055828777552,77.17463221934159,2.3853984175384637,8.816437,0,13,0,1,0,0,0
Central,2023,II,6091.50364,310.203687,79.176949,537.053594,9950.764333,3859.260693,5554.450047,348.400391,12567.754167,8.816437,61.21644,55.819331,5.719448,4047,55.73995757060892,87.21666666666665,88.47055828777552,1.9419072292894952,1,76.30553445277198,1,1,0,1,10.133102,10.090329,10.84556125,55.079713,54.832574,53.755877999999996,61.290325,60.986292,60.28648425,5.845046,5.901455,5.82649775,56.95815823332256,87.21666666666665,88.47055828777552,76.55841530556788,1.9419072292894952,10.976063,1,13,0,1,0,0,0
Central,2024,I,6142.700189,299.772571,79.335377,674.226625,10029.6105,3886.910311,5468.473564,367.913362,12642.0405,10.976063,61.24565,54.523289,5.98944,4048,56.05255433416973,86.95833333333333,88.47055828777552,2.033373423208742,1,76.21940122538606,1,1,1,1,8.816437,10.133102,10.10216175,55.819331,55.079713,54.93199925,61.21644,61.290325,61.103896000000006,5.719448,5.845046,5.87485275,55.73995757060892,87.21666666666665,88.47055828777552,76.30553445277198,1.9419072292894952,8.662034,0,14,0,1,0,0,0
Central,2024,II,6243.880206,255.028794,79.482669,540.847045,10105.807167,3861.92696,5703.033161,327.290491,12714.478833,8.662034,61.785072,56.433228,5.24178,4049,55.754455257184894,86.95833333333333,88.47055828777552,2.033373423208742,1,75.36215005151848,1,1,1,1,10.976063,8.816437,10.00398275,54.523289,55.819331,55.06372675,61.24565,61.21644,61.18467675,5.98944,5.719448,5.86384725,56.05255433416973,86.95833333333333,88.47055828777552,76.21940122538606,2.033373423208742,8.983054,1,14,0,1,0,0,0
Central,2025,I,6332.638265,252.260434,79.616671,568.864285,10180.102,3847.463735,5763.773979,377.688819,12786.395,8.983054,62.206039,56.618038,5.964162,4050,56.12201016666666,86.95833333333333,88.47055828777552,1.5967749554618254,1,75.4813639159205,0,1,0,1,8.662034,10.976063,9.646908999999999,56.433228,54.523289,55.46389024999999,61.785072,61.24565,61.38437175,5.24178,5.98944,5.6989285,55.754455257184894,86.95833333333333,88.47055828777552,75.36215005151848,2.033373423208742,7.365309,0,15,0,1,0,0,0
Central,2025,II,6379.262044,253.850464,79.745937,469.852366,10252.709167,3873.447123,5909.409677,377.991027,12856.716667,7.365309,62.220257,57.637543,5.92531,4051,55.3332054,86.95833333333333,88.47055828777552,1.5967749554618254,1,75.13918327590054,0,1,0,1,8.983054,8.662034,9.359397,56.618038,56.433228,55.8484715,62.206039,61.785072,61.613300249999995,5.964162,5.24178,5.7287075000000005,56.12201016666666,86.95833333333333,88.47055828777552,75.4813639159205,1.5967749554618254,,1,15,0,1,0,0,0
Oriental,2010,I,3843.617025,0.0,72.83928,411.865823,5495.929333,1652.312309,3431.751202,431.053137,7545.282333,10.715579,69.935707,62.441691,11.214779,4020,59.80175198632354,86.35000000000001,88.47055828777552,1.0220235537869775,1,71.67105139653108,0,0,0,0,,,,,,,,,,,,,,,,,,9.647104,0,0,0,0,1,0,0
Oriental,2010,II,3854.805469,0.0,73.100781,371.877083,5560.126167,1705.320697,3482.928387,470.398272,7606.1105,9.647104,69.32946,62.641175,12.202906,4021,59.80175198632354,86.35000000000001,88.47055828777552,1.0220235537869775,1,71.67105139653108,0,0,0,0,10.715579,,,62.441691,,,69.935707,,,11.214779,,,59.80175198632354,86.35000000000001,88.47055828777552,71.67105139653108,1.0220235537869775,10.027221,1,0,0,0,1,0,0
Oriental,2011,I,3900.186323,0.0,73.365763,391.080297,5626.133833,1725.947511,3509.106026,412.685259,7668.6095,10.027221,69.322672,62.371535,10.581168,4022,59.80175198632354,86.35000000000001,88.47055828777552,1.687519481071582,1,71.67105139653108,0,0,0,0,9.647104,10.715579,10.1813415,62.641175,62.441691,62.541433,69.32946,69.935707,69.6325835,12.202906,11.214779,11.7088425,59.80175198632354,86.35000000000001,88.47055828777552,71.67105139653108,1.0220235537869775,8.68923,0,1,0,0,1,0,0
Oriental,2011,II,3981.731158,0.0,73.623634,345.981783,5692.137,1710.405842,3635.749376,426.670433,7731.399167,8.68923,69.951429,63.873188,10.715702,4023,59.80175198632354,86.35000000000001,88.47055828777552,1.687519481071582,1,71.67105139653108,0,0,0,0,10.027221,9.647104,10.129968,62.371535,62.641175,62.48480033333333,69.322672,69.32946,69.52927966666665,10.581168,12.202906,11.332951,59.80175198632354,86.35000000000001,88.47055828777552,71.67105139653108,1.687519481071582,10.539917,1,1,0,0,1,0,0
Oriental,2012,I,4034.94755,0.0,73.881128,425.280114,5759.798,1724.85045,3609.667436,457.580539,7796.034167,10.539917,70.053629,62.670035,11.340433,4024,59.80175198632354,86.35000000000001,88.47055828777552,1.967938152912008,1,71.67105139653108,0,0,0,0,8.68923,10.027221,9.7697835,63.873188,62.371535,62.83189725,69.951429,69.322672,69.634817,10.715702,10.581168,11.178638750000001,59.80175198632354,86.35000000000001,88.47055828777552,71.67105139653108,1.687519481071582,8.604257,0,2,0,0,1,0,0
Oriental,2012,II,4019.953632,0.0,74.129953,345.887142,5827.791833,1807.838201,3674.06649,465.3045,7861.5885,8.604257,68.979019,63.043887,11.574872,4025,59.80175198632354,86.35000000000001,88.47055828777552,1.967938152912008,1,71.67105139653108,0,0,0,0,10.539917,8.68923,9.725868000000002,62.670035,63.873188,62.88898325,70.053629,69.951429,69.6642975,11.340433,10.715702,11.21005225,59.80175198632354,86.35000000000001,88.47055828777552,71.67105139653108,1.967938152912008,10.144989,1,2,0,0,1,0,0
Oriental,2013,I,4043.6982,0.0,74.375725,410.232727,5897.235833,1853.537633,3633.465473,447.193061,7928.979333,10.144989,68.569383,61.613026,11.059012,4026,59.80175198632354,86.35000000000001,88.47055828777552,1.9744862910233296,1,71.67105139653108,0,0,0,0,8.604257,10.539917,9.46515625,63.043887,62.670035,62.98966125,68.979019,70.053629,69.57668724999999,11.574872,11.340433,11.05304375,59.80175198632354,86.35000000000001,88.47055828777552,71.67105139653108,1.967938152912008,8.587488,0,3,0,0,1,0,0
Oriental,2013,II,4081.375073,0.0,74.609863,350.487591,5966.923167,1885.548094,3730.887482,418.805666,7997.499167,8.587488,68.399994,62.526153,10.261386,4027,59.80175198632354,86.35000000000001,88.47055828777552,1.9744862910233296,1,71.67105139653108,0,0,0,0,10.144989,8.604257,9.494598250000001,61.613026,63.043887,62.800034,68.569383,68.979019,69.388365,11.059012,11.574872,11.172504749999998,59.80175198632354,86.35000000000001,88.47055828777552,71.67105139653108,1.9744862910233296,9.831703,1,3,0,0,1,0,0
Oriental,2014,I,4069.280847,0.0,74.842368,400.079626,6038.432333,1969.151486,3669.201221,417.042928,8068.2005,9.831703,67.38969,60.764136,10.248566,4028,59.80175198632354,86.35000000000001,88.47055828777552,2.0069918443001065,1,71.67105139653108,0,0,0,0,8.587488,10.144989,9.46916275,62.526153,61.613026,62.46327525,68.399994,68.569383,69.00050625,10.261386,11.059012,11.05892575,59.80175198632354,86.35000000000001,88.47055828777552,71.67105139653108,1.9744862910233296,8.028128,0,4,0,0,1,0,0
Oriental,2014,II,4200.40913,0.0,75.061014,337.214223,6109.658167,1909.249037,3863.194906,411.846429,8139.589167,8.028128,68.750313,63.23095,9.804912,4029,59.80175198632354,86.35000000000001,88.47055828777552,2.0069918443001065,1,71.67105139653108,0,0,0,0,9.831703,8.587488,9.29210925,60.764136,62.526153,61.9868005,67.38969,68.399994,68.3345215,10.248566,10.261386,10.785959,59.80175198632354,86.35000000000001,88.47055828777552,71.67105139653108,2.0069918443001065,9.229308,1,4,0,0,1,0,0
Oriental,2015,I,4189.103947,0.0,75.27915,386.62532,6184.128,1995.024053,3802.478627,414.823903,8214.928,9.229308,67.739606,61.487709,9.90245,4030,59.80175198632354,86.35000000000001,88.47055828777552,2.378028097447456,1,71.67105139653108,0,0,0,0,8.028128,9.831703,9.148077,63.23095,60.764136,62.03356625,68.750313,67.38969,68.277345,9.804912,10.248566,10.343468999999999,59.80175198632354,86.35000000000001,88.47055828777552,71.67105139653108,2.0069918443001065,7.924369,0,5,0,0,1,0,0
Oriental,2015,II,4265.798979,0.0,75.478256,338.037673,6260.2985,1994.499521,3927.761306,401.284086,8294.174833,7.924369,68.140504,62.740799,9.407009,4031,59.80175198632354,86.35000000000001,88.47055828777552,2.378028097447456,1,71.67105139653108,0,0,0,0,9.229308,8.028128,8.919156749999999,61.487709,63.23095,62.002236999999994,67.739606,68.750313,68.06990075,9.90245,9.804912,10.0543285,59.80175198632354,86.35000000000001,88.47055828777552,71.67105139653108,2.378028097447456,10.188887,1,5,0,0,1,0,0
Oriental,2016,I,4222.654058,0.0,75.674746,430.241441,6342.176333,2119.522275,3792.412618,396.329428,8380.836,10.188887,66.580521,59.796707,9.38579,4032,59.80175198632354,86.35000000000001,88.47055828777552,2.086177567784281,1,71.67105139653108,0,0,0,0,7.924369,9.229308,8.753377,62.740799,61.487709,62.0558985,68.140504,67.739606,68.00502825000001,9.407009,9.90245,9.84073425,59.80175198632354,86.35000000000001,88.47055828777552,71.67105139653108,2.378028097447456,8.155671,0,6,0,0,1,0,0
Oriental,2016,II,4267.233067,0.0,75.856231,348.021488,6425.521667,2158.2886,3919.211578,421.123171,8470.657667,8.155671,66.410687,60.99445,9.868764,4033,59.80175198632354,86.35000000000001,88.47055828777552,2.086177567784281,1,71.67105139653108,0,0,0,0,10.188887,7.924369,8.842673,59.796707,62.740799,61.814041249999995,66.580521,68.140504,67.80273600000001,9.38579,9.407009,9.625040250000001,59.80175198632354,86.35000000000001,88.47055828777552,71.67105139653108,2.086177567784281,9.736569,1,6,0,0,1,0,0
Oriental,2017,I,4271.055259,0.0,76.030657,415.854222,6514.888667,2243.833407,3855.201037,414.319551,8568.7655,9.736569,65.558377,59.175241,9.700637,4034,59.80175198632354,86.35000000000001,88.47055828777552,2.3314696902936194,1,71.67105139653108,0,0,0,0,8.155671,10.188887,8.874558749999998,60.99445,59.796707,61.25491625,66.410687,66.580521,67.2178295,9.868764,9.38579,9.64100325,59.80175198632354,86.35000000000001,88.47055828777552,71.67105139653108,2.086177567784281,8.956528,0,7,0,0,1,0,0
Oriental,2017,II,4366.80356,0.0,76.170303,391.113978,6610.013667,2243.210107,3975.689581,421.111665,8677.940667,8.956528,66.063457,60.146465,9.643476,4035,59.80175198632354,86.35000000000001,88.47055828777552,2.3314696902936194,1,71.67105139653108,0,0,0,0,9.736569,8.155671,9.001374,59.175241,60.99445,60.676799249999995,65.558377,66.410687,66.67252225,9.700637,9.868764,9.59055,59.80175198632354,86.35000000000001,88.47055828777552,71.67105139653108,2.3314696902936194,10.522736,1,7,0,0,1,0,0
Oriental,2018,I,4410.86288,0.0,76.282111,464.143448,6718.353333,2307.490453,3946.719432,355.851103,8807.246167,10.522736,65.653928,58.745339,8.067607,4036,59.80175198632354,86.35000000000001,88.47055828777552,2.178417977858995,1,71.67105139653108,0,0,0,0,8.956528,9.736569,9.25941375,60.146465,59.175241,60.02821575,66.063457,65.558377,66.1532605,9.643476,9.700637,9.64966675,59.80175198632354,86.35000000000001,88.47055828777552,71.67105139653108,2.3314696902936194,10.16613,0,8,0,0,1,0,0
Oriental,2018,II,4439.56448,0.0,76.370048,451.331885,6839.903667,2400.339187,3988.232595,440.791758,8956.264667,10.16613,64.906828,58.308315,9.928716,4037,59.80175198632354,86.35000000000001,88.47055828777552,2.178417977858995,1,71.67105139653108,0,0,0,0,10.522736,8.956528,9.342876,58.745339,60.146465,59.76537375,65.653928,66.063457,65.92161225,8.067607,9.643476,9.320121,59.80175198632354,86.35000000000001,88.47055828777552,71.67105139653108,2.178417977858995,12.673067,1,8,0,0,1,0,0
Oriental,2019,I,4448.969055,0.0,76.451085,563.820826,6971.8795,2522.910445,3885.148229,426.805755,9119.399,12.673067,63.813051,55.725981,9.593363,4038,59.80175198632354,86.35000000000001,88.47055828777552,2.142909337292054,1,71.67105139653108,1,0,0,0,10.16613,10.522736,9.84549075,58.308315,58.745339,59.09384,64.906828,65.653928,65.5456475,9.928716,8.067607,9.335109000000001,59.80175198632354,86.35000000000001,88.47055828777552,71.67105139653108,2.178417977858995,11.382449,0,9,0,0,1,0,0
Oriental,2019,II,4462.385255,0.0,76.531596,507.928736,7095.9725,2633.587245,3954.45652,441.36269,9271.9515,11.382449,62.886169,55.728183,9.890735,4039,59.80175198632354,86.35000000000001,88.47055828777552,2.142909337292054,1,71.67105139653108,1,0,0,0,12.673067,10.16613,10.57961525,55.725981,58.308315,58.231525000000005,63.813051,64.906828,65.10931599999999,9.593363,9.928716,9.3082905,59.80175198632354,86.35000000000001,88.47055828777552,71.67105139653108,2.142909337292054,18.243416,1,9,0,0,1,0,0
Oriental,2020,I,4234.682624,0.0,76.620312,772.550771,7211.858,2977.175376,3462.131853,0.0,9412.462333,18.243416,58.718331,48.006101,0.0,4040,59.80175198632354,86.83333333333333,88.47055828777552,3.3127089542235,1,71.67105139653108,1,0,0,0,11.382449,12.673067,11.1860955,55.728183,55.725981,57.1269545,62.886169,63.813051,64.314994,9.890735,9.593363,9.37010525,59.80175198632354,86.35000000000001,88.47055828777552,71.67105139653108,2.142909337292054,17.022449,0,10,0,0,1,0,0
Oriental,2020,II,4315.296017,0.0,76.715647,734.569073,7311.0855,2995.789483,3580.726944,0.0,9530.11,17.022449,59.024012,48.97668,0.0,4041,59.80175198632354,86.83333333333333,88.47055828777552,3.3127089542235,1,71.67105139653108,1,0,0,0,18.243416,11.382449,13.1162655,48.006101,55.728183,54.442145,58.718331,62.886169,62.581094750000005,0.0,9.890735,7.353203499999999,59.80175198632354,86.83333333333333,88.47055828777552,71.67105139653108,3.3127089542235,17.441462,1,10,0,0,1,0,0
Oriental,2021,I,4406.586787,269.481406,76.821683,768.573143,7398.023333,2991.436546,3638.013644,319.187974,9630.124,17.441462,59.564381,49.175482,7.243429,4042,59.80175198632354,87.0,88.47055828777552,2.128847568939798,1,71.67105139653108,1,1,0,0,17.022449,18.243416,14.83034525,48.97668,48.006101,52.10923625,59.024012,58.718331,61.11039074999999,0.0,0.0,4.871024499999999,59.80175198632354,86.83333333333333,88.47055828777552,71.67105139653108,3.3127089542235,12.690256,0,11,0,0,1,0,0
Oriental,2021,II,4582.099435,200.174981,76.928095,581.480143,7473.745833,2891.646399,4000.619292,341.542408,9715.235833,12.690256,61.309276,53.528972,7.453841,4043,58.91424850798273,87.0,88.47055828777552,2.128847568939798,1,71.67105139653108,1,1,0,0,17.441462,17.022449,16.022444,49.175482,48.97668,50.471611499999995,59.564381,59.024012,60.04822325000001,7.243429,0.0,4.283541,59.80175198632354,87.0,88.47055828777552,71.67105139653108,2.128847568939798,13.144903,1,11,0,0,1,0,0
Oriental,2022,I,4772.515584,264.264908,77.035434,627.342524,7541.942333,2769.426749,4145.17306,422.508959,9790.225,13.144903,63.279662,54.961612,8.852961,4044,58.19432163882343,86.39999999999999,88.47055828777552,0.9119165165710684,1,71.67105139653108,1,1,0,1,12.690256,17.441462,16.34939575,53.528972,49.175482,49.92180875,61.309276,59.564381,59.653999999999996,7.453841,7.243429,3.6743175,58.91424850798273,87.0,88.47055828777552,71.67105139653108,2.128847568939798,9.995914,0,12,0,0,1,0,0
Oriental,2022,II,4797.06745,246.401249,77.13253,479.510745,7604.797167,2807.729717,4317.556705,368.615029,9859.390333,9.995914,63.079492,56.77412,7.684174,4045,57.83291770794249,86.39999999999999,88.47055828777552,0.9119165165710684,1,71.66987404812778,1,1,0,1,13.144903,12.690256,15.074767500000002,54.961612,53.528972,51.6606865,63.279662,61.309276,60.79433275,8.852961,7.453841,5.88755775,58.19432163882343,86.39999999999999,88.47055828777552,71.67105139653108,0.9119165165710684,11.223604,1,12,0,0,1,0,0
Oriental,2023,I,4848.725415,281.556674,77.236158,544.201723,7669.820833,2821.095418,4304.523692,348.341013,9930.35,11.223604,63.218236,56.122872,7.184177,4046,56.95815823332256,87.21666666666665,88.47055828777552,0.5640685371319792,1,70.82003020564531,1,1,0,1,9.995914,13.144903,13.318133750000001,56.77412,54.961612,53.6100465,63.079492,63.279662,61.80820275000001,7.684174,8.852961,7.80860125,57.83291770794249,86.39999999999999,88.47055828777552,71.66987404812778,0.9119165165710684,9.598615,0,13,0,0,1,0,0
Oriental,2023,II,4909.619915,260.583398,77.376786,471.255536,7736.313833,2826.693918,4438.364379,311.333885,9998.236167,9.598615,63.462006,57.370532,6.341303,4047,55.73995757060892,87.21666666666665,88.47055828777552,0.5640685371319792,1,70.06197781914014,1,1,0,1,11.223604,9.995914,11.763669250000001,56.122872,56.77412,55.346894,63.218236,63.079492,62.7216665,7.184177,7.684174,7.79378825,56.95815823332256,87.21666666666665,88.47055828777552,70.82003020564531,0.5640685371319792,11.756906,1,13,0,0,1,0,0
Oriental,2024,I,4898.848471,210.68283,77.549467,575.953028,7806.104167,2907.255696,4322.895443,330.927321,10065.9675,11.756906,62.756637,55.378398,6.755206,4048,56.05255433416973,86.95833333333333,88.47055828777552,1.582422566018292,1,70.9388828088433,1,1,1,1,9.598615,11.223604,10.990759,57.370532,56.122872,56.307284,63.462006,63.218236,63.259849,6.341303,7.184177,7.51565375,55.73995757060892,87.21666666666665,88.47055828777552,70.06197781914014,0.5640685371319792,9.330109,0,14,0,0,1,0,0
Oriental,2024,II,4959.142325,194.809347,77.70523,462.693364,7872.3865,2913.244175,4496.448961,317.146867,10131.089667,9.330109,62.994142,57.11672,6.395196,4049,55.754455257184894,86.95833333333333,88.47055828777552,1.582422566018292,1,71.34453314353152,1,1,1,1,11.756906,9.598615,10.643759750000001,55.378398,57.370532,56.4114805,62.756637,63.462006,63.12909275,6.755206,6.341303,6.991215,56.05255433416973,86.95833333333333,88.47055828777552,70.9388828088433,1.582422566018292,10.47158,1,14,0,0,1,0,0
Oriental,2025,I,5065.466478,244.931955,77.838849,530.434374,7936.6785,2871.212022,4535.032104,330.46298,10196.294833,10.47158,63.823506,57.140177,6.523841,4050,56.12201016666666,86.95833333333333,88.47055828777552,0.9762528367196492,1,71.70912506324333,0,1,0,1,9.330109,11.756906,10.4773085,57.11672,55.378398,56.4971305,62.994142,62.756637,63.10775525,6.395196,6.755206,6.6689705,55.754455257184894,86.95833333333333,88.47055828777552,71.34453314353152,1.582422566018292,8.938926,0,15,0,0,1,0,0
Oriental,2025,II,5148.978584,254.779447,77.969218,460.263408,7998.994,2850.015416,4688.715177,363.712478,10259.169167,8.938926,64.370327,58.616311,7.063779,4051,55.3332054,86.95833333333333,88.47055828777552,0.9762528367196492,1,69.92817535411177,0,1,0,1,10.47158,9.330109,10.2893025,57.140177,57.11672,56.75145675,63.823506,62.994142,63.25907275,6.523841,6.395196,6.5038865,56.12201016666666,86.95833333333333,88.47055828777552,71.70912506324333,0.9762528367196492,,1,15,0,0,1,0,0
Orinoquía/Amazonía/Insular,2010,I,0.0,0.0,0.0,0.0,0.0,0.0,0.0,0.0,0.0,0.0,0.0,0.0,0.0,4020,59.80175198632354,86.35000000000001,88.47055828777552,2.978183810756815,0,79.72555514565248,0,0,0,0,,,,,,,,,,,,,,,,,,0.0,0,0,0,0,0,1,0
Orinoquía/Amazonía/Insular,2010,II,0.0,0.0,0.0,0.0,0.0,0.0,0.0,0.0,0.0,0.0,0.0,0.0,0.0,4021,59.80175198632354,86.35000000000001,88.47055828777552,2.978183810756815,0,79.72555514565248,0,0,0,0,0.0,,,0.0,,,0.0,,,0.0,,,59.80175198632354,86.35000000000001,88.47055828777552,79.72555514565248,2.978183810756815,0.0,1,0,0,0,0,1,0
Orinoquía/Amazonía/Insular,2011,I,0.0,0.0,0.0,0.0,0.0,0.0,0.0,0.0,0.0,0.0,0.0,0.0,0.0,4022,59.80175198632354,86.35000000000001,88.47055828777552,2.158429813298161,0,79.72555514565248,0,0,0,0,0.0,0.0,0.0,0.0,0.0,0.0,0.0,0.0,0.0,0.0,0.0,0.0,59.80175198632354,86.35000000000001,88.47055828777552,79.72555514565248,2.978183810756815,0.0,0,1,0,0,0,1,0
Orinoquía/Amazonía/Insular,2011,II,0.0,0.0,0.0,0.0,0.0,0.0,0.0,0.0,0.0,0.0,0.0,0.0,0.0,4023,59.80175198632354,86.35000000000001,88.47055828777552,2.158429813298161,0,79.72555514565248,0,0,0,0,0.0,0.0,0.0,0.0,0.0,0.0,0.0,0.0,0.0,0.0,0.0,0.0,59.80175198632354,86.35000000000001,88.47055828777552,79.72555514565248,2.158429813298161,0.0,1,1,0,0,0,1,0
Orinoquía/Amazonía/Insular,2012,I,0.0,0.0,0.0,0.0,0.0,0.0,0.0,0.0,0.0,0.0,0.0,0.0,0.0,4024,59.80175198632354,86.35000000000001,88.47055828777552,1.808055339465449,0,79.72555514565248,0,0,0,0,0.0,0.0,0.0,0.0,0.0,0.0,0.0,0.0,0.0,0.0,0.0,0.0,59.80175198632354,86.35000000000001,88.47055828777552,79.72555514565248,2.158429813298161,0.0,0,2,0,0,0,1,0
Orinoquía/Amazonía/Insular,2012,II,0.0,0.0,0.0,0.0,0.0,0.0,0.0,0.0,0.0,0.0,0.0,0.0,0.0,4025,59.80175198632354,86.35000000000001,88.47055828777552,1.808055339465449,0,79.72555514565248,0,0,0,0,0.0,0.0,0.0,0.0,0.0,0.0,0.0,0.0,0.0,0.0,0.0,0.0,59.80175198632354,86.35000000000001,88.47055828777552,79.72555514565248,1.808055339465449,0.0,1,2,0,0,0,1,0
Orinoquía/Amazonía/Insular,2013,I,0.0,0.0,0.0,0.0,0.0,0.0,0.0,0.0,0.0,0.0,0.0,0.0,0.0,4026,59.80175198632354,86.35000000000001,88.47055828777552,1.6812727418617004,0,79.72555514565248,0,0,0,0,0.0,0.0,0.0,0.0,0.0,0.0,0.0,0.0,0.0,0.0,0.0,0.0,59.80175198632354,86.35000000000001,88.47055828777552,79.72555514565248,1.808055339465449,0.0,0,3,0,0,0,1,0
Orinoquía/Amazonía/Insular,2013,II,0.0,0.0,0.0,0.0,0.0,0.0,0.0,0.0,0.0,0.0,0.0,0.0,0.0,4027,59.80175198632354,86.35000000000001,88.47055828777552,1.6812727418617004,0,79.72555514565248,0,0,0,0,0.0,0.0,0.0,0.0,0.0,0.0,0.0,0.0,0.0,0.0,0.0,0.0,59.80175198632354,86.35000000000001,88.47055828777552,79.72555514565248,1.6812727418617004,9.70854,1,3,0,0,0,1,0
Orinoquía/Amazonía/Insular,2014,I,192.286204,0.0,71.152153,18.668184,270.038667,77.752463,173.61802,10.491888,379.522833,9.70854,71.206915,64.293763,5.456391,4028,59.80175198632354,86.35000000000001,88.47055828777552,1.6002240521234792,0,79.72555514565248,0,0,0,0,0.0,0.0,0.0,0.0,0.0,0.0,0.0,0.0,0.0,0.0,0.0,0.0,59.80175198632354,86.35000000000001,88.47055828777552,79.72555514565248,1.6812727418617004,8.352729,0,4,0,0,0,1,0
Orinoquía/Amazonía/Insular,2014,II,194.678579,0.0,71.380857,16.260973,273.02,78.341421,178.417605,8.910347,382.4835,8.352729,71.305611,65.349647,4.576953,4029,59.80175198632354,86.35000000000001,88.47055828777552,1.6002240521234792,0,79.72555514565248,0,0,0,0,9.70854,0.0,2.427135,64.293763,0.0,16.07344075,71.206915,0.0,17.80172875,5.456391,0.0,1.36409775,59.80175198632354,86.35000000000001,88.47055828777552,79.72555514565248,1.6002240521234792,9.952272,1,4,0,0,0,1,0
Orinoquía/Amazonía/Insular,2015,I,193.302289,0.0,71.606987,19.23797,276.042667,82.740378,174.064319,8.36084,385.496833,9.952272,70.026236,63.057034,4.325267,4030,59.80175198632354,86.35000000000001,88.47055828777552,1.6577275509255402,0,79.72555514565248,0,0,0,0,8.352729,9.70854,4.51531725,65.349647,64.293763,32.410852500000004,71.305611,71.206915,35.628131499999995,4.576953,5.456391,2.508336,59.80175198632354,86.35000000000001,88.47055828777552,79.72555514565248,1.6002240521234792,8.757476,0,5,0,0,0,1,0
Orinoquía/Amazonía/Insular,2015,II,197.077845,0.0,71.832048,17.259044,279.244333,82.166489,179.8188,9.712146,388.746167,8.757476,70.575414,64.394789,4.928076,4031,59.80175198632354,86.35000000000001,88.47055828777552,1.6577275509255402,0,79.72555514565248,0,0,0,0,9.952272,8.352729,7.00338525,63.057034,65.349647,48.175111,70.026236,71.305611,53.1346905,4.325267,4.576953,3.58965275,59.80175198632354,86.35000000000001,88.47055828777552,79.72555514565248,1.6577275509255402,12.206952,1,5,0,0,0,1,0
Orinoquía/Amazonía/Insular,2016,I,199.277175,0.0,72.043705,24.325669,282.613167,83.335992,174.951506,12.348421,392.280167,12.206952,70.512346,61.904938,6.196606,4032,59.80175198632354,86.35000000000001,88.47055828777552,2.0192609042902845,0,79.72555514565248,0,0,0,0,8.757476,9.952272,9.19275425,64.394789,63.057034,64.27380825,70.575414,70.026236,70.778544,4.928076,4.325267,4.82167175,59.80175198632354,86.35000000000001,88.47055828777552,79.72555514565248,1.6577275509255402,11.043511,0,6,0,0,0,1,0
Orinoquía/Amazonía/Insular,2016,II,202.357582,0.0,72.223352,22.347383,286.015667,83.658084,180.0102,14.711859,396.0155,11.043511,70.750524,62.937182,7.270229,4033,59.80175198632354,86.35000000000001,88.47055828777552,2.0192609042902845,0,79.72555514565248,0,0,0,0,12.206952,8.757476,9.81735725,61.904938,64.394789,63.676602,70.512346,70.575414,70.60490175,6.196606,4.928076,5.0067255,59.80175198632354,86.35000000000001,88.47055828777552,79.72555514565248,2.0192609042902845,13.252272,1,6,0,0,0,1,0
Orinoquía/Amazonía/Insular,2017,I,205.036703,0.0,72.427161,27.172021,289.699833,84.66313,177.864682,15.552508,399.987833,13.252272,70.775568,61.396198,7.585231,4034,59.80175198632354,86.35000000000001,88.47055828777552,2.2195216660339314,0,79.72555514565248,0,0,0,0,11.043511,12.206952,10.49005275,62.937182,61.904938,63.073485749999996,70.750524,70.512346,70.46612999999999,7.270229,6.196606,5.6800445,59.80175198632354,86.35000000000001,88.47055828777552,79.72555514565248,2.0192609042902845,12.797971,0,7,0,0,0,1,0
Orinoquía/Amazonía/Insular,2017,II,206.027834,0.0,72.761969,26.367383,294.196167,88.168332,179.660451,14.237915,404.326833,12.797971,70.030768,61.06825,6.910675,4035,59.80175198632354,86.35000000000001,88.47055828777552,2.2195216660339314,0,79.72555514565248,0,0,0,0,13.252272,11.043511,11.31505275,61.396198,62.937182,62.65827675,70.775568,70.750524,70.653463,7.585231,7.270229,6.4950355,59.80175198632354,86.35000000000001,88.47055828777552,79.72555514565248,2.2195216660339314,13.494262,1,7,0,0,0,1,0
Orinoquía/Amazonía/Insular,2018,I,204.217883,0.0,73.184662,27.557696,299.680333,95.462451,176.660187,12.166956,409.485167,13.494262,68.14524,58.949543,5.957831,4036,59.80175198632354,86.35000000000001,88.47055828777552,2.4992218210910173,0,79.72555514565248,0,0,0,0,12.797971,13.252272,12.325176500000001,61.06825,61.396198,61.826642,70.030768,70.775568,70.5173015,6.910675,7.585231,6.99068525,59.80175198632354,86.35000000000001,88.47055828777552,79.72555514565248,2.2195216660339314,13.711826,0,8,0,0,0,1,0
Orinoquía/Amazonía/Insular,2018,II,207.760381,0.0,73.51021,28.487742,305.928667,98.168285,179.272639,17.259675,416.171667,13.711826,67.911381,58.59949,8.307491,4037,59.80175198632354,86.35000000000001,88.47055828777552,2.4992218210910173,0,79.72555514565248,0,0,0,0,13.494262,12.797971,12.647004,58.949543,61.06825,61.087793250000004,68.14524,70.030768,69.92552500000001,5.957831,6.910675,6.9309915,59.80175198632354,86.35000000000001,88.47055828777552,79.72555514565248,2.4992218210910173,14.919764,1,8,0,0,0,1,0
Orinoquía/Amazonía/Insular,2019,I,214.154701,0.0,73.700851,31.951376,312.431667,98.276966,182.203325,16.176353,423.918667,14.919764,68.544493,58.317816,7.553583,4038,59.80175198632354,86.35000000000001,88.47055828777552,2.9526420501180555,0,79.72555514565248,1,0,0,0,13.711826,13.494262,13.31408275,58.59949,58.949543,60.00337025,67.911381,68.14524,69.21573925,8.307491,5.957831,7.190307,59.80175198632354,86.35000000000001,88.47055828777552,79.72555514565248,2.4992218210910173,13.808843,0,9,0,0,0,1,0
Orinoquía/Amazonía/Insular,2019,II,216.649188,0.0,73.861779,29.916747,318.513167,101.863978,186.732441,17.576235,431.228667,13.808843,68.018911,58.626286,8.112763,4039,59.80175198632354,86.35000000000001,88.47055828777552,2.9526420501180555,0,79.72555514565248,1,0,0,0,14.919764,13.711826,13.730955750000001,58.317816,58.59949,59.23377475,68.544493,67.911381,68.6579705,7.553583,8.307491,7.182395,59.80175198632354,86.35000000000001,88.47055828777552,79.72555514565248,2.9526420501180555,20.486005,1,9,0,0,0,1,0
Orinoquía/Amazonía/Insular,2020,I,187.249513,0.0,74.043326,38.359945,324.021,136.771487,148.889568,0.0,437.61,20.486005,57.789314,45.950592,0.0,4040,59.80175198632354,86.83333333333333,88.47055828777552,3.6823928462929416,0,79.72555514565248,1,0,0,0,13.808843,14.919764,13.98367375,58.626286,58.317816,58.62328375,68.018911,68.544493,68.15500625000001,8.112763,7.553583,7.4829170000000005,59.80175198632354,86.35000000000001,88.47055828777552,79.72555514565248,2.9526420501180555,20.944565,0,10,0,0,0,1,0
Orinoquía/Amazonía/Insular,2020,II,205.307778,0.0,74.218259,43.000821,328.542833,123.235055,162.306957,0.0,442.671167,20.944565,62.490414,49.402069,0.0,4041,59.80175198632354,86.83333333333333,88.47055828777552,3.6823928462929416,0,79.72555514565248,1,0,0,0,20.486005,13.808843,15.7316095,45.950592,58.626286,55.373546,57.789314,68.018911,65.56602475000001,0.0,8.112763,5.993459249999999,59.80175198632354,86.83333333333333,88.47055828777552,79.72555514565248,3.6823928462929416,18.973558,1,10,0,0,0,1,0
Orinoquía/Amazonía/Insular,2021,I,212.384435,14.209361,74.378402,40.296884,332.197,119.812565,172.087551,17.753528,446.631,18.973558,63.933279,51.802861,8.359148,4042,59.80175198632354,87.0,88.47055828777552,2.733639304335848,0,79.72555514565248,1,1,0,0,20.944565,20.486005,17.53979425,49.402069,45.950592,53.07419075,62.490414,57.789314,64.210783,0.0,0.0,3.9165864999999997,59.80175198632354,86.83333333333333,88.47055828777552,79.72555514565248,3.6823928462929416,16.1031,0,11,0,0,0,1,0
Orinoquía/Amazonía/Insular,2021,II,213.877189,6.205938,74.538849,34.440857,335.550667,121.673478,179.436332,12.325129,450.168833,16.1031,63.739164,53.475183,5.762713,4043,58.91424850798273,87.0,88.47055828777552,2.733639304335848,0,79.72555514565248,1,1,0,0,18.973558,20.944565,18.55324275,51.802861,49.402069,51.445452,63.933279,62.490414,63.0579795,8.359148,0.0,4.11797775,59.80175198632354,87.0,88.47055828777552,79.72555514565248,2.733639304335848,15.798725,1,11,0,0,0,1,0
Orinoquía/Amazonía/Insular,2022,I,233.779577,7.860417,74.690228,36.934192,338.5835,104.803923,196.845384,19.161409,453.317,15.798725,69.046358,58.137914,8.196357,4044,58.19432163882343,86.39999999999999,88.47055828777552,2.2207749935396404,0,79.72555514565248,1,1,0,1,16.1031,18.973558,19.126807,53.475183,51.802861,50.15767625,63.739164,63.933279,61.98804275,5.762713,8.359148,3.5304652499999998,58.91424850798273,87.0,88.47055828777552,79.72555514565248,2.733639304335848,14.519933,0,12,0,0,0,1,0
Orinoquía/Amazonía/Insular,2022,II,237.978677,11.701584,74.816132,34.554343,341.441,103.462323,203.424334,20.431179,456.3735,14.519933,69.698331,59.57818,8.585298,4045,57.83291770794249,86.39999999999999,88.47055828777552,2.2207749935396404,0,80.82181382951656,1,1,0,1,15.798725,16.1031,17.954987,58.137914,53.475183,53.20450675,69.046358,63.739164,64.80230375,8.196357,5.762713,5.5795545,58.19432163882343,86.39999999999999,88.47055828777552,79.72555514565248,2.2207749935396404,16.170399,1,12,0,0,0,1,0
Orinoquía/Amazonía/Insular,2023,I,241.268756,16.00679,74.94863,39.014121,344.380833,103.112078,202.254634,17.869747,459.489167,16.170399,70.058706,58.729934,7.406573,4046,56.95815823332256,87.21666666666665,88.47055828777552,2.464082363228216,0,82.09537490058358,1,1,0,1,14.519933,15.798725,16.348829000000002,59.57818,58.137914,55.7485345,69.698331,69.046358,66.604283,8.585298,8.196357,7.725879,57.83291770794249,86.39999999999999,88.47055828777552,80.82181382951656,2.2207749935396404,13.566724,0,13,0,0,0,1,0
Orinoquía/Amazonía/Insular,2023,II,244.576949,13.967039,75.16047,33.18108,347.749314,103.172365,211.395869,19.076544,462.675814,13.566724,70.331397,60.78973,7.799813,4047,55.73995757060892,87.21666666666665,88.47055828777552,2.464082363228216,0,81.47738540291165,1,1,0,1,16.170399,14.519933,15.64803925,58.729934,59.57818,57.48030275000001,70.058706,69.698331,68.13563975,7.406573,8.585298,7.48773525,56.95815823332256,87.21666666666665,88.47055828777552,82.09537490058358,2.464082363228216,17.430939,1,13,0,0,0,1,0
Orinoquía/Amazonía/Insular,2024,I,247.262598,11.945108,75.436208,43.100192,351.4495,104.186902,204.162406,16.238633,465.889667,17.430939,70.355086,58.091534,6.567363,4048,56.05255433416973,86.95833333333333,88.47055828777552,2.17841392386849,0,80.16638365812514,1,1,1,1,13.566724,16.170399,15.01394525,60.78973,58.729934,59.3089395,70.331397,70.058706,69.783698,7.799813,7.406573,7.997010250000001,55.73995757060892,87.21666666666665,88.47055828777552,81.47738540291165,2.464082363228216,13.840697,0,14,0,0,0,1,0
Orinoquía/Amazonía/Insular,2024,II,248.519833,9.709022,75.681402,34.396878,355.0125,106.492667,214.122954,15.256286,469.088167,13.840697,70.003122,60.314201,6.138861,4049,55.754455257184894,86.95833333333333,88.47055828777552,2.17841392386849,0,82.51265711994103,1,1,1,1,17.430939,13.566724,15.42199875,58.091534,60.78973,59.2973445,70.355086,70.331397,70.11088,6.567363,7.799813,7.589761750000001,56.05255433416973,86.95833333333333,88.47055828777552,80.16638365812514,2.17841392386849,14.165686,1,14,0,0,0,1,0
Orinoquía/Amazonía/Insular,2025,I,249.625105,7.523367,75.871809,35.361109,358.298167,108.673062,214.263995,12.043682,472.2415,14.165686,69.669657,59.800472,4.824708,4050,56.12201016666666,86.95833333333333,88.47055828777552,1.72829839697808,0,81.45301504635414,0,1,0,1,13.840697,17.430939,15.252189750000001,60.314201,58.091534,59.48134975,70.003122,70.355086,70.18707775,6.138861,6.567363,6.9781525,55.754455257184894,86.95833333333333,88.47055828777552,82.51265711994103,2.17841392386849,10.529056,0,15,0,0,0,1,0
Orinoquía/Amazonía/Insular,2025,II,250.854041,8.522644,76.057268,26.412562,361.519349,110.665308,224.441479,11.477407,475.325182,10.529056,69.388828,62.08284,4.575333,4051,55.3332054,86.95833333333333,88.47055828777552,1.72829839697808,0,80.98830319118191,0,1,0,1,14.165686,13.840697,14.7510115,59.800472,60.314201,59.74898425,69.669657,70.003122,70.0898155,4.824708,6.138861,6.33268625,56.12201016666666,86.95833333333333,88.47055828777552,81.45301504635414,1.72829839697808,,1,15,0,0,0,1,0
Pacífica,2010,I,3831.570676,0.0,72.50424,565.858827,5577.116167,1745.54549,3265.71185,525.045961,7692.124167,14.768325,68.701647,58.555564,13.703152,4020,59.80175198632354,86.35000000000001,88.47055828777552,5.743865404773112,1,83.72226132964474,0,0,0,0,,,,,,,,,,,,,,,,,,14.429215,0,0,0,0,0,0,1
Pacífica,2010,II,3857.251249,0.0,72.704891,556.571063,5612.102667,1754.851418,3300.680186,546.654947,7719.016667,14.429215,68.730946,58.81361,14.172137,4021,59.80175198632354,86.35000000000001,88.47055828777552,5.743865404773112,1,83.72226132964474,0,0,0,0,14.768325,,,58.555564,,,68.701647,,,13.703152,,,59.80175198632354,86.35000000000001,88.47055828777552,83.72226132964474,5.743865404773112,14.810769,1,0,0,0,0,0,1
Pacífica,2011,I,3806.873004,0.0,72.90466,563.827159,5646.979167,1840.106163,3243.045845,479.875283,7745.704,14.810769,67.414327,57.429747,12.605498,4022,59.80175198632354,86.35000000000001,88.47055828777552,1.6626211302599798,1,83.72226132964474,0,0,0,0,14.429215,14.768325,14.59877,58.81361,58.555564,58.68458699999999,68.730946,68.701647,68.7162965,14.172137,13.703152,13.9376445,59.80175198632354,86.35000000000001,88.47055828777552,83.72226132964474,5.743865404773112,12.919566,0,1,0,0,0,0,1
Pacífica,2011,II,3901.625057,0.0,73.101165,504.073028,5680.765833,1779.140777,3397.552028,493.041493,7771.101667,12.919566,68.681322,59.807993,12.636824,4023,59.80175198632354,86.35000000000001,88.47055828777552,1.6626211302599798,1,83.72226132964474,0,0,0,0,14.810769,14.429215,14.669436333333332,57.429747,58.81361,58.266307000000005,67.414327,68.730946,68.28230666666667,12.605498,14.172137,13.493595666666666,59.80175198632354,86.35000000000001,88.47055828777552,83.72226132964474,1.6626211302599798,13.490545,1,1,0,0,0,0,1
Pacífica,2012,I,3850.348634,0.0,73.297137,519.43301,5713.8015,1863.452866,3330.915624,509.188203,7795.395167,13.490545,67.386811,58.295963,13.22447,4024,59.80175198632354,86.35000000000001,88.47055828777552,1.5708056886890591,1,83.72226132964474,0,0,0,0,12.919566,14.810769,14.23196875,59.807993,57.429747,58.6517285,68.681322,67.414327,68.3820605,12.636824,12.605498,13.27940275,59.80175198632354,86.35000000000001,88.47055828777552,83.72226132964474,1.6626211302599798,12.544321,0,2,0,0,0,0,1
Pacífica,2012,II,3854.26374,0.0,73.488963,483.491226,5745.278667,1891.014926,3370.772514,535.098521,7817.879667,12.544321,67.085758,58.670305,13.883288,4025,59.80175198632354,86.35000000000001,88.47055828777552,1.5708056886890591,1,83.72226132964474,0,0,0,0,13.490545,12.919566,13.912523749999998,58.295963,59.807993,58.586828249999996,67.386811,68.681322,68.0533515,13.22447,12.636824,13.15973225,59.80175198632354,86.35000000000001,88.47055828777552,83.72226132964474,1.5708056886890591,13.186848,1,2,0,0,0,0,1
Pacífica,2013,I,3866.981476,0.0,73.678585,509.932962,5775.793833,1908.812358,3357.048513,520.246374,7839.175833,13.186848,66.951515,58.122721,13.453552,4026,59.80175198632354,86.35000000000001,88.47055828777552,1.304652338710822,1,83.72226132964474,0,0,0,0,12.544321,13.490545,13.44130025,58.670305,58.295963,58.551002000000004,67.085758,67.386811,67.6420545,13.883288,13.22447,13.08752,59.80175198632354,86.35000000000001,88.47055828777552,83.72226132964474,1.5708056886890591,11.830925,0,3,0,0,0,0,1
Pacífica,2013,II,3898.158958,0.0,73.863919,461.188254,5805.575667,1907.416708,3436.970705,542.137459,7859.826167,11.830925,67.145089,59.201204,13.907526,4027,59.80175198632354,86.35000000000001,88.47055828777552,1.304652338710822,1,83.72226132964474,0,0,0,0,13.186848,12.544321,13.035319999999999,58.122721,58.670305,58.7242455,66.951515,67.085758,67.52635149999999,13.453552,13.883288,13.2995335,59.80175198632354,86.35000000000001,88.47055828777552,83.72226132964474,1.304652338710822,12.701937,1,3,0,0,0,0,1
Pacífica,2014,I,3841.759813,0.0,74.049236,487.977896,5835.671833,1993.912021,3353.781916,505.415247,7880.7995,12.701937,65.832348,57.470365,13.155826,4028,59.80175198632354,86.35000000000001,88.47055828777552,0.9298130408763752,1,83.72226132964474,0,0,0,0,11.830925,13.186848,12.76315975,59.201204,58.122721,58.57254825,67.145089,66.951515,67.14229325,13.907526,13.453552,13.617209,59.80175198632354,86.35000000000001,88.47055828777552,83.72226132964474,1.304652338710822,10.89406,0,4,0,0,0,0,1
Pacífica,2014,II,3864.677787,0.0,74.229475,421.020302,5865.472667,2000.794879,3443.657486,507.726396,7901.810833,10.89406,65.888599,58.710656,13.137613,4029,59.80175198632354,86.35000000000001,88.47055828777552,0.9298130408763752,1,83.72226132964474,0,0,0,0,12.701937,11.830925,12.56600775,57.470365,59.201204,58.36614875,65.832348,67.145089,66.7536775,13.155826,13.907526,13.600048000000001,59.80175198632354,86.35000000000001,88.47055828777552,83.72226132964474,0.9298130408763752,11.740266,1,4,0,0,0,0,1
Pacífica,2015,I,3915.6267,0.0,74.410561,459.704985,5896.358833,1980.732133,3455.921715,540.169152,7924.088667,11.740266,66.407537,58.611116,13.795216,4030,59.80175198632354,86.35000000000001,88.47055828777552,1.288688204850131,1,83.72226132964474,0,0,0,0,10.89406,12.701937,12.153442499999999,58.710656,57.470365,58.3762365,65.888599,65.832348,66.45438775,13.137613,13.155826,13.41362925,59.80175198632354,86.35000000000001,88.47055828777552,83.72226132964474,0.9298130408763752,10.048815,0,5,0,0,0,0,1
Pacífica,2015,II,3975.627476,0.0,74.584175,399.503434,5927.591333,1951.963858,3576.124042,574.92996,7947.518833,10.048815,67.069865,60.330138,14.461364,4031,59.80175198632354,86.35000000000001,88.47055828777552,1.288688204850131,1,83.72226132964474,0,0,0,0,11.740266,10.89406,11.791796999999999,58.611116,58.710656,58.498335250000004,66.407537,65.888599,66.31839325,13.795216,13.137613,13.49904525,59.80175198632354,86.35000000000001,88.47055828777552,83.72226132964474,1.288688204850131,10.831074,1,5,0,0,0,0,1
Pacífica,2016,I,3981.083988,0.0,74.754801,431.194167,5959.267333,1978.183346,3549.88982,541.235387,7971.752,10.831074,66.804924,59.569233,13.595176,4032,59.80175198632354,86.35000000000001,88.47055828777552,2.2877593061656385,1,83.72226132964474,0,0,0,0,10.048815,11.740266,11.3462695,60.330138,58.611116,58.78056875,67.069865,66.407537,66.29958725,14.461364,13.795216,13.63750475,59.80175198632354,86.35000000000001,88.47055828777552,83.72226132964474,1.288688204850131,9.34974,0,6,0,0,0,0,1
Pacífica,2016,II,3977.180454,0.0,74.911473,371.856013,5987.941333,2010.76088,3605.324441,472.422368,7993.356833,9.34974,66.41983,60.209749,11.878324,4033,59.80175198632354,86.35000000000001,88.47055828777552,2.2877593061656385,1,83.72226132964474,0,0,0,0,10.831074,10.048815,10.878553749999998,59.569233,60.330138,59.305285749999996,66.804924,67.069865,66.54273125,13.595176,14.461364,13.74734225,59.80175198632354,86.35000000000001,88.47055828777552,83.72226132964474,2.2877593061656385,10.263071,1,6,0,0,0,0,1
Pacífica,2017,I,4021.393927,0.0,75.063287,412.718519,6017.361667,1995.96774,3608.675408,477.591653,8016.3845,10.263071,66.829853,59.971057,11.876271,4034,59.80175198632354,86.35000000000001,88.47055828777552,2.5555544455919907,1,83.72226132964474,0,0,0,0,9.34974,10.831074,10.49247375,60.209749,59.569233,59.680059,66.41983,66.804924,66.675539,11.878324,13.595176,13.43252,59.80175198632354,86.35000000000001,88.47055828777552,83.72226132964474,2.2877593061656385,9.740469,0,7,0,0,0,0,1
Pacífica,2017,II,3955.619917,0.0,75.212843,385.295912,6053.439833,2097.819917,3570.324005,418.631156,8048.4125,9.740469,65.344994,58.980086,10.5832,4035,59.80175198632354,86.35000000000001,88.47055828777552,2.5555544455919907,1,83.72226132964474,0,0,0,0,10.263071,9.34974,10.123175,59.971057,60.209749,60.02004425,66.829853,66.41983,66.781118,11.876271,11.878324,12.952783749999998,59.80175198632354,86.35000000000001,88.47055828777552,83.72226132964474,2.5555544455919907,10.377225,1,7,0,0,0,0,1
Pacífica,2018,I,3987.110337,0.0,75.364679,413.751404,6095.154333,2108.043997,3573.358932,451.329775,8087.547667,10.377225,65.414428,58.626226,11.319721,4036,59.80175198632354,86.35000000000001,88.47055828777552,2.79829803551821,1,83.72226132964474,0,0,0,0,9.740469,10.263071,10.0460885,58.980086,59.971057,59.682531250000004,65.344994,66.829853,66.34990025,10.5832,11.876271,11.98324275,59.80175198632354,86.35000000000001,88.47055828777552,83.72226132964474,2.5555544455919907,9.80763,0,8,0,0,0,0,1
Pacífica,2018,II,3935.594634,0.0,75.517148,385.98854,6132.283167,2196.688533,3549.606093,491.164867,8120.385,9.80763,64.178293,57.883923,12.480068,4037,59.80175198632354,86.35000000000001,88.47055828777552,2.79829803551821,1,83.72226132964474,0,0,0,0,10.377225,9.740469,9.93262625,58.626226,58.980086,59.4467795,65.414428,65.344994,66.00227625,11.319721,10.5832,11.414379,59.80175198632354,86.35000000000001,88.47055828777552,83.72226132964474,2.79829803551821,11.169664,1,8,0,0,0,0,1
Pacífica,2019,I,3891.369381,0.0,75.670831,434.652879,6162.612667,2271.243286,3456.716501,462.231281,8143.973833,11.169664,63.144799,56.091737,11.878371,4038,59.80175198632354,86.35000000000001,88.47055828777552,3.3039941306271534,1,83.72226132964474,1,0,0,0,9.80763,10.377225,10.04709875,57.883923,58.626226,58.865323000000004,64.178293,65.414428,65.441892,12.480068,11.319721,11.564815,59.80175198632354,86.35000000000001,88.47055828777552,83.72226132964474,2.79829803551821,10.764995,0,9,0,0,0,0,1
Pacífica,2019,II,3967.239497,0.0,75.818347,427.073119,6190.085833,2222.846337,3540.166378,440.373241,8164.364,10.764995,64.090218,57.190909,11.100243,4039,59.80175198632354,86.35000000000001,88.47055828777552,3.3039941306271534,1,83.72226132964474,1,0,0,0,11.169664,9.80763,10.273747,56.091737,57.883923,57.895493,63.144799,64.178293,64.5206285,11.878371,12.480068,11.565339999999999,59.80175198632354,86.35000000000001,88.47055828777552,83.72226132964474,3.3039941306271534,17.046983,1,9,0,0,0,0,1
Pacífica,2020,I,3583.21439,0.0,75.968452,610.829939,6218.584167,2635.369777,2972.384451,0.0,8185.7455,17.046983,57.621064,47.798412,0.0,4040,59.80175198632354,86.83333333333333,88.47055828777552,5.597593612298438,1,83.72226132964474,1,0,0,0,10.764995,11.169664,10.5298785,57.190909,56.091737,57.44819875,64.090218,63.144799,64.20693449999999,11.100243,11.878371,11.69460075,59.80175198632354,86.35000000000001,88.47055828777552,83.72226132964474,3.3039941306271534,15.843378,0,10,0,0,0,0,1
Pacífica,2020,II,3794.195643,0.0,76.117859,601.128757,6246.359167,2452.163523,3193.066887,0.0,8206.167667,15.843378,60.742515,51.118849,0.0,4041,59.80175198632354,86.83333333333333,88.47055828777552,5.597593612298438,1,83.72226132964474,1,0,0,0,17.046983,10.764995,12.197318,47.798412,57.190909,54.74124525,57.621064,64.090218,62.258593499999996,0.0,11.100243,8.864670499999999,59.80175198632354,86.83333333333333,88.47055828777552,83.72226132964474,5.597593612298438,14.761249,1,10,0,0,0,0,1
Pacífica,2021,I,3800.986707,303.494967,76.277943,561.073111,6275.014,2474.027293,3239.913596,240.014231,8226.511833,14.761249,60.573358,51.631974,6.314524,4042,59.80175198632354,87.0,88.47055828777552,3.806801351778065,1,83.72226132964474,1,1,0,0,15.843378,17.046983,13.706255,51.118849,47.798412,53.04997675,60.742515,57.621064,61.39964899999999,0.0,0.0,5.7446535,59.80175198632354,86.83333333333333,88.47055828777552,83.72226132964474,5.597593612298438,11.787084,0,11,0,0,0,0,1
Pacífica,2021,II,3910.269799,279.863222,76.431657,460.906772,6305.236833,2394.967034,3449.363027,294.422714,8249.5095,11.787084,62.016224,54.70632,7.529473,4043,58.91424850798273,87.0,88.47055828777552,3.806801351778065,1,83.72226132964474,1,1,0,0,14.761249,15.843378,14.60415125,51.631974,51.118849,51.935036,60.573358,60.742515,60.75678875,6.314524,0.0,4.35369175,59.80175198632354,87.0,88.47055828777552,83.72226132964474,3.806801351778065,11.452573,1,11,0,0,0,0,1
Pacífica,2022,I,4120.872527,376.139405,76.591583,471.945942,6338.006833,2217.134306,3648.926585,376.209082,8275.069667,11.452573,65.01843,57.572147,9.129355,4044,58.19432163882343,86.39999999999999,88.47055828777552,3.309058457724124,1,83.72226132964474,1,1,0,1,11.787084,14.761249,14.8596735,54.70632,51.631974,51.31388875,62.016224,60.573358,60.23829025,7.529473,6.314524,3.46099925,58.91424850798273,87.0,88.47055828777552,83.72226132964474,3.806801351778065,10.285394,0,12,0,0,0,0,1
Pacífica,2022,II,4179.923713,360.042144,76.745929,429.92161,6370.557,2190.633287,3750.002102,409.607764,8300.840333,10.285394,65.613159,58.864588,9.799408,4045,57.83291770794249,86.39999999999999,88.47055828777552,3.309058457724124,1,83.00681149770341,1,1,0,1,11.452573,11.787084,13.461071,57.572147,54.70632,53.7573225,65.01843,62.016224,62.08763175,9.129355,7.529473,5.743338,58.19432163882343,86.39999999999999,88.47055828777552,83.72226132964474,3.309058457724124,10.868498,1,12,0,0,0,0,1
Pacífica,2023,I,4201.217228,373.644244,76.898148,456.609218,6402.766167,2201.548939,3744.60801,436.644782,8326.294333,10.868498,65.615659,58.484222,10.393292,4046,56.95815823332256,87.21666666666665,88.47055828777552,5.18679456125346,1,84.0003479507147,1,1,0,1,10.285394,11.452573,12.071575,58.864588,57.572147,55.69375725,65.613159,65.01843,63.30529275,9.799408,9.129355,8.19319,57.83291770794249,86.39999999999999,88.47055828777552,83.00681149770341,3.309058457724124,9.542275,0,13,0,0,0,0,1
Pacífica,2023,II,4220.807506,373.681271,77.028847,402.761048,6433.5005,2212.692994,3818.046458,452.876597,8352.0665,9.542275,65.606702,59.34633,10.72962,4047,55.73995757060892,87.21666666666665,88.47055828777552,5.18679456125346,1,83.36352673048806,1,1,0,1,10.868498,10.285394,11.09838725,58.484222,58.864588,57.40681925,65.615659,65.613159,64.565868,10.393292,9.799408,9.212882,56.95815823332256,87.21666666666665,88.47055828777552,84.0003479507147,5.18679456125346,11.012064,1,13,0,0,0,0,1
Pacífica,2024,I,4237.345484,398.774893,77.151582,466.61918,6464.290833,2226.945349,3770.726304,433.942511,8378.688667,11.012064,65.550044,58.331631,10.240905,4048,56.05255433416973,86.95833333333333,88.47055828777552,4.211123309995384,1,83.76560277048257,1,1,1,1,9.542275,10.868498,10.537185,59.34633,58.484222,58.56682175,65.606702,65.615659,65.4634875,10.72962,10.393292,10.01291875,55.73995757060892,87.21666666666665,88.47055828777552,83.36352673048806,5.18679456125346,9.121215,0,14,0,0,0,0,1
Pacífica,2024,II,4229.939595,365.314893,77.283975,385.821865,6496.286,2266.346405,3844.11773,393.923396,8405.734833,9.121215,65.113198,59.174084,9.312743,4049,55.754455257184894,86.95833333333333,88.47055828777552,4.211123309995384,1,83.52060576488431,1,1,1,1,11.012064,9.542275,10.42705775,58.331631,59.34633,58.75669275,65.550044,65.606702,65.596391,10.240905,10.72962,10.290806250000001,56.05255433416973,86.95833333333333,88.47055828777552,83.76560277048257,4.211123309995384,8.848085,1,14,0,0,0,0,1
Pacífica,2025,I,4205.147065,350.675668,77.435143,372.074977,6530.341167,2325.194101,3833.072088,352.350202,8433.304167,8.848085,64.393987,58.696353,8.379022,4050,56.12201016666666,86.95833333333333,88.47055828777552,3.133181951169878,1,82.39647583729105,0,1,0,1,9.121215,11.012064,10.136013,59.174084,58.331631,58.834066750000005,65.113198,65.550044,65.47140075,9.312743,10.240905,10.16914,55.754455257184894,86.95833333333333,88.47055828777552,83.52060576488431,4.211123309995384,7.773843,0,15,0,0,0,0,1
Pacífica,2025,II,4248.135855,392.442761,77.585686,330.243419,6564.595667,2316.459812,3917.892436,302.658276,8461.091167,7.773843,64.712833,59.682159,7.124496,4051,55.3332054,86.95833333333333,88.47055828777552,3.133181951169878,1,82.71376786235903,0,1,0,1,8.848085,9.121215,9.630909749999999,58.696353,59.174084,58.887099500000005,64.393987,65.113198,65.16598275,8.379022,9.312743,9.6655725,56.12201016666666,86.95833333333333,88.47055828777552,82.39647583729105,3.133181951169878,,1,15,0,0,0,0,1
